{
  "word_count": 7535,
  "processed_language": "ar",
  "personality": [
    {
      "trait_id": "big5_openness",
      "name": "Openness",
      "category": "personality",
      "percentile": 0.23746484843942756,
      "children": [
        {
          "trait_id": "facet_adventurousness",
          "name": "Adventurousness",
          "category": "personality",
          "percentile": 0.4473372393627664
        },
        {
          "trait_id": "facet_artistic_interests",
          "name": "Artistic interests",
          "category": "personality",
          "percentile": 0.23981252690671978
        },
        {
          "trait_id": "facet_emotionality",
          "name": "Emotionality",
          "category": "personality",
          "percentile": 0.36651078949429294
        },
        {
          "trait_id": "facet_imagination",
          "name": "Imagination",
          "category": "personality",
          "percentile": 0.07828213702588432
        },
        {
          "trait_id": "facet_intellect",
          "name": "Intellect",
          "category": "personality",
          "percentile": 0.1485560137647023
        },
        {
          "trait_id": "facet_liberalism",
          "name": "Authority-challenging",
          "category": "personality",
          "percentile": 0.39116739220693997
        }
      ]
    },
    {
      "trait_id": "big5_conscientiousness",
      "name": "Conscientiousness",
      "category": "personality",
      "percentile": 0.8557358383438534,
      "children": [
        {
          "trait_id": "facet_achievement_striving",
          "name": "Achievement striving",
          "category": "personality",
          "percentile": 0.9785122936041433
        },
        {
          "trait_id": "facet_cautiousness",
          "name": "Cautiousness",
          "category": "personality",
          "percentile": 0.8824385739430339
        },
        {
          "trait_id": "facet_dutifulness",
          "name": "Dutifulness",
          "category": "personality",
          "percentile": 0.9446394139942875
        },
        {
          "trait_id": "facet_orderliness",
          "name": "Orderliness",
          "category": "personality",
          "percentile": 0.7258856138474035
        },
        {
          "trait_id": "facet_self_discipline",
          "name": "Self-discipline",
          "category": "personality",
          "percentile": 0.97550408586361
        },
        {
          "trait_id": "facet_self_efficacy",
          "name": "Self-efficacy",
          "category": "personality",
          "percentile": 0.9188091017227413
        }
      ]
    },
    {
      "trait_id": "big5_extraversion",
      "name": "Extraversion",
      "category": "personality",
      "percentile": 0.8004561588363985,
      "children": [
        {
          "trait_id": "facet_activity_level",
          "name": "Activity level",
          "category": "personality",
          "percentile": 0.9610727577241343
        },
        {
          "trait_id": "facet_assertiveness",
          "name": "Assertiveness",
          "category": "personality",
          "percentile": 0.9064995809884853
        },
        {
          "trait_id": "facet_cheerfulness",
          "name": "Cheerfulness",
          "category": "personality",
          "percentile": 0.91435251658109
        },
        {
          "trait_id": "facet_excitement_seeking",
          "name": "Excitement-seeking",
          "category": "personality",
          "percentile": 0.3752910545078587
        },
        {
          "trait_id": "facet_friendliness",
          "name": "Outgoing",
          "category": "personality",
          "percentile": 0.9854487572792572
        },
        {
          "trait_id": "facet_gregariousness",
          "name": "Gregariousness",
          "category": "personality",
          "percentile": 0.9654555082323875
        }
      ]
    },
    {
      "trait_id": "big5_agreeableness",
      "name": "Agreeableness",
      "category": "personality",
      "percentile": 0.7107995015955794,
      "children": [
        {
          "trait_id": "facet_altruism",
          "name": "Altruism",
          "category": "personality",
          "percentile": 0.7357738345430869
        },
        {
          "trait_id": "facet_cooperation",
          "name": "Cooperation",
          "category": "personality",
          "percentile": 0.9183585180889824
        },
        {
          "trait_id": "facet_modesty",
          "name": "Modesty",
          "category": "personality",
          "percentile": 0.16288435078540558
        },
        {
          "trait_id": "facet_morality",
          "name": "Uncompromising",
          "category": "personality",
          "percentile": 0.5986052255287408
        },
        {
          "trait_id": "facet_sympathy",
          "name": "Sympathy",
          "category": "personality",
          "percentile": 0.3733992481644744
        },
        {
          "trait_id": "facet_trust",
          "name": "Trust",
          "category": "personality",
          "percentile": 0.9995935160260541
        }
      ]
    },
    {
      "trait_id": "big5_neuroticism",
      "name": "Emotional range",
      "category": "personality",
      "percentile": 0.870319108646447,
      "children": [
        {
          "trait_id": "facet_anger",
          "name": "Fiery",
          "category": "personality",
          "percentile": 0.06688853027333097
        },
        {
          "trait_id": "facet_anxiety",
          "name": "Prone to worry",
          "category": "personality",
          "percentile": 0.06583476248465142
        },
        {
          "trait_id": "facet_depression",
          "name": "Melancholy",
          "category": "personality",
          "percentile": 0.000017524139186486654
        },
        {
          "trait_id": "facet_immoderation",
          "name": "Immoderation",
          "category": "personality",
          "percentile": 0.09279501310707683
        },
        {
          "trait_id": "facet_self_consciousness",
          "name": "Self-consciousness",
          "category": "personality",
          "percentile": 0.04513036513591345
        },
        {
          "trait_id": "facet_vulnerability",
          "name": "Susceptible to stress",
          "category": "personality",
          "percentile": 0.0631548652931932
        }
      ]
    }
  ],
  "needs": [
    {
      "trait_id": "need_challenge",
      "name": "Challenge",
      "category": "needs",
      "percentile": 0.8456500293645383
    },
    {
      "trait_id": "need_closeness",
      "name": "Closeness",
      "category": "needs",
      "percentile": 0.4511162634706321
    },
    {
      "trait_id": "need_curiosity",
      "name": "Curiosity",
      "category": "needs",
      "percentile": 0.3147993153417429
    },
    {
      "trait_id": "need_excitement",
      "name": "Excitement",
      "category": "needs",
      "percentile": 0.564166249408292
    },
    {
      "trait_id": "need_harmony",
      "name": "Harmony",
      "category": "needs",
      "percentile": 0.49490342564567413
    },
    {
      "trait_id": "need_ideal",
      "name": "Ideal",
      "category": "needs",
      "percentile": 0.64635901045695
    },
    {
      "trait_id": "need_liberty",
      "name": "Liberty",
      "category": "needs",
      "percentile": 0.6510446304780566
    },
    {
      "trait_id": "need_love",
      "name": "Love",
      "category": "needs",
      "percentile": 0.49938617756598375
    },
    {
      "trait_id": "need_practicality",
      "name": "Practicality",
      "category": "needs",
      "percentile": 0.5229535978870679
    },
    {
      "trait_id": "need_self_expression",
      "name": "Self-expression",
      "category": "needs",
      "percentile": 0.13943250025887183
    },
    {
      "trait_id": "need_stability",
      "name": "Stability",
      "category": "needs",
      "percentile": 0.6442650610505447
    },
    {
      "trait_id": "need_structure",
      "name": "Structure",
      "category": "needs",
      "percentile": 0.6529926433521589
    }
  ],
  "values": [
    {
      "trait_id": "value_conservation",
      "name": "Conservation",
      "category": "values",
      "percentile": 0.775867689872724
    },
    {
      "trait_id": "value_openness_to_change",
      "name": "Openness to change",
      "category": "values",
      "percentile": 0.24252080851849372
    },
    {
      "trait_id": "value_hedonism",
      "name": "Hedonism",
      "category": "values",
      "percentile": 0.5106443934019212
    },
    {
      "trait_id": "value_self_enhancement",
      "name": "Self-enhancement",
      "category": "values",
      "percentile": 0.5231227879189735
    },
    {
      "trait_id": "value_self_transcendence",
      "name": "Self-transcendence",
      "category": "values",
      "percentile": 0.13717663193882257
    }
  ],
  "behavior": [
    {
      "trait_id": "behavior_sunday",
      "name": "Sunday",
      "category": "behavior",
      "percentage": 0.15084915084915085
    },
    {
      "trait_id": "behavior_monday",
      "name": "Monday",
      "category": "behavior",
      "percentage": 0.06993006993006994
    },
    {
      "trait_id": "behavior_tuesday",
      "name": "Tuesday",
      "category": "behavior",
      "percentage": 0.14485514485514486
    },
    {
      "trait_id": "behavior_wednesday",
      "name": "Wednesday",
      "category": "behavior",
      "percentage": 0.13986013986013987
    },
    {
      "trait_id": "behavior_thursday",
      "name": "Thursday",
      "category": "behavior",
      "percentage": 0.1018981018981019
    },
    {
      "trait_id": "behavior_friday",
      "name": "Friday",
      "category": "behavior",
      "percentage": 0.25574425574425574
    },
    {
      "trait_id": "behavior_saturday",
      "name": "Saturday",
      "category": "behavior",
      "percentage": 0.13686313686313686
    },
    {
      "trait_id": "behavior_0000",
      "name": "0:00 am",
      "category": "behavior",
      "percentage": 0
    },
    {
      "trait_id": "behavior_0100",
      "name": "1:00 am",
      "category": "behavior",
      "percentage": 0
    },
    {
      "trait_id": "behavior_0200",
      "name": "2:00 am",
      "category": "behavior",
      "percentage": 0
    },
    {
      "trait_id": "behavior_0300",
      "name": "3:00 am",
      "category": "behavior",
      "percentage": 0
    },
    {
      "trait_id": "behavior_0400",
      "name": "4:00 am",
      "category": "behavior",
      "percentage": 0
    },
    {
      "trait_id": "behavior_0500",
      "name": "5:00 am",
      "category": "behavior",
      "percentage": 0
    },
    {
      "trait_id": "behavior_0600",
      "name": "6:00 am",
      "category": "behavior",
      "percentage": 0.013986013986013986
    },
    {
      "trait_id": "behavior_0700",
      "name": "7:00 am",
      "category": "behavior",
      "percentage": 0.006993006993006993
    },
    {
      "trait_id": "behavior_0800",
      "name": "8:00 am",
      "category": "behavior",
      "percentage": 0.04195804195804196
    },
    {
      "trait_id": "behavior_0900",
      "name": "9:00 am",
      "category": "behavior",
      "percentage": 0.013986013986013986
    },
    {
      "trait_id": "behavior_1000",
      "name": "10:00 am",
      "category": "behavior",
      "percentage": 0.02097902097902098
    },
    {
      "trait_id": "behavior_1100",
      "name": "11:00 am",
      "category": "behavior",
      "percentage": 0.07692307692307693
    },
    {
      "trait_id": "behavior_1200",
      "name": "12:00 pm",
      "category": "behavior",
      "percentage": 0.060939060939060936
    },
    {
      "trait_id": "behavior_1300",
      "name": "1:00 pm",
      "category": "behavior",
      "percentage": 0.04195804195804196
    },
    {
      "trait_id": "behavior_1400",
      "name": "2:00 pm",
      "category": "behavior",
      "percentage": 0.11788211788211789
    },
    {
      "trait_id": "behavior_1500",
      "name": "3:00 pm",
      "category": "behavior",
      "percentage": 0.1088911088911089
    },
    {
      "trait_id": "behavior_1600",
      "name": "4:00 pm",
      "category": "behavior",
      "percentage": 0.060939060939060936
    },
    {
      "trait_id": "behavior_1700",
      "name": "5:00 pm",
      "category": "behavior",
      "percentage": 0.04095904095904096
    },
    {
      "trait_id": "behavior_1800",
      "name": "6:00 pm",
      "category": "behavior",
      "percentage": 0.07692307692307693
    },
    {
      "trait_id": "behavior_1900",
      "name": "7:00 pm",
      "category": "behavior",
      "percentage": 0.13086913086913088
    },
    {
      "trait_id": "behavior_2000",
      "name": "8:00 pm",
      "category": "behavior",
      "percentage": 0.054945054945054944
    },
    {
      "trait_id": "behavior_2100",
      "name": "9:00 pm",
      "category": "behavior",
      "percentage": 0.07492507492507493
    },
    {
      "trait_id": "behavior_2200",
      "name": "10:00 pm",
      "category": "behavior",
      "percentage": 0.04195804195804196
    },
    {
      "trait_id": "behavior_2300",
      "name": "11:00 pm",
      "category": "behavior",
      "percentage": 0.013986013986013986
    }
  ],
  "consumption_preferences": [
    {
      "consumption_preference_category_id": "consumption_preferences_shopping",
      "name": "Purchasing Preferences",
      "consumption_preferences": [
        {
          "consumption_preference_id": "consumption_preferences_automobile_ownership_cost",
          "name": "Likely to be sensitive to ownership cost when buying automobiles",
          "score": 0
        },
        {
          "consumption_preference_id": "consumption_preferences_automobile_safety",
          "name": "Likely to prefer safety when buying automobiles",
          "score": 0.5
        },
        {
          "consumption_preference_id": "consumption_preferences_automobile_resale_value",
          "name": "Likely to prefer resale value when buying automobiles",
          "score": 0.5
        },
        {
          "consumption_preference_id": "consumption_preferences_clothes_quality",
          "name": "Likely to prefer quality when buying clothes",
          "score": 1
        },
        {
          "consumption_preference_id": "consumption_preferences_clothes_style",
          "name": "Likely to prefer style when buying clothes",
          "score": 0
        },
        {
          "consumption_preference_id": "consumption_preferences_clothes_comfort",
          "name": "Likely to prefer comfort when buying clothes",
          "score": 0
        },
        {
          "consumption_preference_id": "consumption_preferences_influence_brand_name",
          "name": "Likely to be influenced by brand name when making product purchases",
          "score": 1
        },
        {
          "consumption_preference_id": "consumption_preferences_influence_utility",
          "name": "Likely to be influenced by product utility when making product purchases",
          "score": 0.5
        },
        {
          "consumption_preference_id": "consumption_preferences_influence_online_ads",
          "name": "Likely to be influenced by online ads when making product purchases",
          "score": 0
        },
        {
          "consumption_preference_id": "consumption_preferences_influence_social_media",
          "name": "Likely to be influenced by social media when making product purchases",
          "score": 1
        },
        {
          "consumption_preference_id": "consumption_preferences_influence_family_members",
          "name": "Likely to be influenced by family when making product purchases",
          "score": 1
        },
        {
          "consumption_preference_id": "consumption_preferences_spur_of_moment",
          "name": "Likely to indulge in spur of the moment purchases",
          "score": 0.5
        },
        {
          "consumption_preference_id": "consumption_preferences_credit_card_payment",
          "name": "Likely to prefer using credit cards for shopping",
          "score": 1
        }
      ]
    },
    {
      "consumption_preference_category_id": "consumption_preferences_health_and_activity",
      "name": "Health & Activity Preferences",
      "consumption_preferences": [
        {
          "consumption_preference_id": "consumption_preferences_eat_out",
          "name": "Likely to eat out frequently",
          "score": 1
        },
        {
          "consumption_preference_id": "consumption_preferences_fast_food_frequency",
          "name": "Likely to eat fast food frequently",
          "score": 1
        },
        {
          "consumption_preference_id": "consumption_preferences_gym_membership",
          "name": "Likely to have a gym membership",
          "score": 1
        },
        {
          "consumption_preference_id": "consumption_preferences_adventurous_sports",
          "name": "Likely to like adventurous sports",
          "score": 1
        },
        {
          "consumption_preference_id": "consumption_preferences_outdoor",
          "name": "Likely to like outdoor activities",
          "score": 1
        }
      ]
    },
    {
      "consumption_preference_category_id": "consumption_preferences_environmental_concern",
      "name": "Environmental Concern Preferences",
      "consumption_preferences": [
        {
          "consumption_preference_id": "consumption_preferences_concerned_environment",
          "name": "Likely to be concerned about the environment",
          "score": 0
        }
      ]
    },
    {
      "consumption_preference_category_id": "consumption_preferences_entrepreneurship",
      "name": "Entrepreneurship Preferences",
      "consumption_preferences": [
        {
          "consumption_preference_id": "consumption_preferences_start_business",
          "name": "Likely to consider starting a business in next few years",
          "score": 0.5
        }
      ]
    },
    {
      "consumption_preference_category_id": "consumption_preferences_movie",
      "name": "Movie Preferences",
      "consumption_preferences": [
        {
          "consumption_preference_id": "consumption_preferences_movie_romance",
          "name": "Likely to like romance movies",
          "score": 1
        },
        {
          "consumption_preference_id": "consumption_preferences_movie_adventure",
          "name": "Likely to like adventure movies",
          "score": 1
        },
        {
          "consumption_preference_id": "consumption_preferences_movie_horror",
          "name": "Likely to like horror movies",
          "score": 0
        },
        {
          "consumption_preference_id": "consumption_preferences_movie_musical",
          "name": "Likely to like musical movies",
          "score": 0
        },
        {
          "consumption_preference_id": "consumption_preferences_movie_historical",
          "name": "Likely to like historical movies",
          "score": 0
        },
        {
          "consumption_preference_id": "consumption_preferences_movie_science_fiction",
          "name": "Likely to like science-fiction movies",
          "score": 0
        },
        {
          "consumption_preference_id": "consumption_preferences_movie_war",
          "name": "Likely to like war movies",
          "score": 1
        },
        {
          "consumption_preference_id": "consumption_preferences_movie_drama",
          "name": "Likely to like drama movies",
          "score": 0
        },
        {
          "consumption_preference_id": "consumption_preferences_movie_action",
          "name": "Likely to like action movies",
          "score": 1
        },
        {
          "consumption_preference_id": "consumption_preferences_movie_documentary",
          "name": "Likely to like documentary movies",
          "score": 0
        }
      ]
    },
    {
      "consumption_preference_category_id": "consumption_preferences_music",
      "name": "Music Preferences",
      "consumption_preferences": [
        {
          "consumption_preference_id": "consumption_preferences_music_rap",
          "name": "Likely to like rap music",
          "score": 1
        },
        {
          "consumption_preference_id": "consumption_preferences_music_country",
          "name": "Likely to like country music",
          "score": 1
        },
        {
          "consumption_preference_id": "consumption_preferences_music_r_b",
          "name": "Likely to like R&B music",
          "score": 1
        },
        {
          "consumption_preference_id": "consumption_preferences_music_hip_hop",
          "name": "Likely to like hip hop music",
          "score": 1
        },
        {
          "consumption_preference_id": "consumption_preferences_music_live_event",
          "name": "Likely to attend live musical events",
          "score": 0
        },
        {
          "consumption_preference_id": "consumption_preferences_music_playing",
          "name": "Likely to have experience playing music",
          "score": 0
        },
        {
          "consumption_preference_id": "consumption_preferences_music_latin",
          "name": "Likely to like Latin music",
          "score": 0
        },
        {
          "consumption_preference_id": "consumption_preferences_music_rock",
          "name": "Likely to like rock music",
          "score": 0
        },
        {
          "consumption_preference_id": "consumption_preferences_music_classical",
          "name": "Likely to like classical music",
          "score": 0
        }
      ]
    },
    {
      "consumption_preference_category_id": "consumption_preferences_reading",
      "name": "Reading Preferences",
      "consumption_preferences": [
        {
          "consumption_preference_id": "consumption_preferences_read_frequency",
          "name": "Likely to read often",
          "score": 0
        },
        {
          "consumption_preference_id": "consumption_preferences_read_motive_enjoyment",
          "name": "Likely to read for enjoyment",
          "score": 0
        },
        {
          "consumption_preference_id": "consumption_preferences_read_motive_information",
          "name": "Likely to read for information",
          "score": 0
        },
        {
          "consumption_preference_id": "consumption_preferences_books_entertainment_magazines",
          "name": "Likely to read entertainment magazines",
          "score": 0
        },
        {
          "consumption_preference_id": "consumption_preferences_books_non_fiction",
          "name": "Likely to read non-fiction books",
          "score": 0
        },
        {
          "consumption_preference_id": "consumption_preferences_read_motive_mandatory",
          "name": "Likely to do mandatory reading only",
          "score": 1
        },
        {
          "consumption_preference_id": "consumption_preferences_read_motive_relaxation",
          "name": "Likely to read for relaxation",
          "score": 0
        },
        {
          "consumption_preference_id": "consumption_preferences_books_financial_investing",
          "name": "Likely to read financial investment books",
          "score": 1
        },
        {
          "consumption_preference_id": "consumption_preferences_books_autobiographies",
          "name": "Likely to read autobiographical books",
          "score": 0
        }
      ]
    },
    {
      "consumption_preference_category_id": "consumption_preferences_volunteering",
      "name": "Volunteering Preferences",
      "consumption_preferences": [
        {
          "consumption_preference_id": "consumption_preferences_volunteer",
          "name": "Likely to volunteer for social causes",
          "score": 0
        },
        {
          "consumption_preference_id": "consumption_preferences_volunteering_time",
          "name": "Likely to have spent time volunteering",
          "score": 0
        },
        {
          "consumption_preference_id": "consumption_preferences_volunteer_learning",
          "name": "Likely to volunteer to learn about social causes",
          "score": 0
        }
      ]
    }
  ],
  "warnings": []
}