{
    "id": "*UNKNOWN*",
    "source": "*UNKNOWN*",
    "word_count": 6567,
    "processed_lang": "en",
    "tree": {
        "id": "r",
        "name": "root",
        "children": [{
            "id": "personality",
            "name": "Big 5",
            "children": [{
                "id": "Openness_parent",
                "name": "Openness",
                "category": "personality",
                "percentage": 0.9631891745614539,
                "children": [{
                    "id": "Openness",
                    "name": "Openness",
                    "category": "personality",
                    "percentage": 0.9631891745614539,
                    "sampling_error": 0.050539783320000004,
                    "children": [{
                        "id": "Adventurousness",
                        "name": "Adventurousness",
                        "category": "personality",
                        "percentage": 0.9029180599576121,
                        "sampling_error": 0.0446483246
                    }, {
                        "id": "Artistic interests",
                        "name": "Artistic interests",
                        "category": "personality",
                        "percentage": 0.6229807684415619,
                        "sampling_error": 0.09143243076
                    }, {
                        "id": "Emotionality",
                        "name": "Emotionality",
                        "category": "personality",
                        "percentage": 0.19657640442573518,
                        "sampling_error": 0.041509238239999996
                    }, {
                        "id": "Imagination",
                        "name": "Imagination",
                        "category": "personality",
                        "percentage": 0.9153740641312288,
                        "sampling_error": 0.05539290224
                    }, {
                        "id": "Intellect",
                        "name": "Intellect",
                        "category": "personality",
                        "percentage": 0.9632763204304002,
                        "sampling_error": 0.04811379516
                    }, {
                        "id": "Liberalism",
                        "name": "Authority-challenging",
                        "category": "personality",
                        "percentage": 0.8995658746895043,
                        "sampling_error": 0.07415698244
                    }]
                }, {
                    "id": "Conscientiousness",
                    "name": "Conscientiousness",
                    "category": "personality",
                    "percentage": 0.793722669085965,
                    "sampling_error": 0.06415381428,
                    "children": [{
                        "id": "Achievement striving",
                        "name": "Achievement striving",
                        "category": "personality",
                        "percentage": 0.7726796726670776,
                        "sampling_error": 0.08709414136
                    }, {
                        "id": "Cautiousness",
                        "name": "Cautiousness",
                        "category": "personality",
                        "percentage": 0.9074823778428783,
                        "sampling_error": 0.08097883472
                    }, {
                        "id": "Dutifulness",
                        "name": "Dutifulness",
                        "category": "personality",
                        "percentage": 0.4220437547014439,
                        "sampling_error": 0.053445923879999996
                    }, {
                        "id": "Orderliness",
                        "name": "Orderliness",
                        "category": "personality",
                        "percentage": 0.18231404804665557,
                        "sampling_error": 0.06150413528
                    }, {
                        "id": "Self-discipline",
                        "name": "Self-discipline",
                        "category": "personality",
                        "percentage": 0.49055814855665314,
                        "sampling_error": 0.04180903724
                    }, {
                        "id": "Self-efficacy",
                        "name": "Self-efficacy",
                        "category": "personality",
                        "percentage": 0.9200547838774253,
                        "sampling_error": 0.080130726
                    }]
                }, {
                    "id": "Extraversion",
                    "name": "Extraversion",
                    "category": "personality",
                    "percentage": 0.20436972703400566,
                    "sampling_error": 0.0484735006,
                    "children": [{
                        "id": "Activity level",
                        "name": "Activity level",
                        "category": "personality",
                        "percentage": 0.34652824857070863,
                        "sampling_error": 0.06732568748000001
                    }, {
                        "id": "Assertiveness",
                        "name": "Assertiveness",
                        "category": "personality",
                        "percentage": 0.197959164436086,
                        "sampling_error": 0.07158898116
                    }, {
                        "id": "Cheerfulness",
                        "name": "Cheerfulness",
                        "category": "personality",
                        "percentage": 0.117251542948445,
                        "sampling_error": 0.08991412396000001
                    }, {
                        "id": "Excitement-seeking",
                        "name": "Excitement-seeking",
                        "category": "personality",
                        "percentage": 0.02854548687796877,
                        "sampling_error": 0.07369112988
                    }, {
                        "id": "Friendliness",
                        "name": "Outgoing",
                        "category": "personality",
                        "percentage": 0.4361224515546904,
                        "sampling_error": 0.06625031787999999
                    }, {
                        "id": "Gregariousness",
                        "name": "Gregariousness",
                        "category": "personality",
                        "percentage": 0.08198441053609619,
                        "sampling_error": 0.051363121920000004
                    }]
                }, {
                    "id": "Agreeableness",
                    "name": "Agreeableness",
                    "category": "personality",
                    "percentage": 0.2899671715264805,
                    "sampling_error": 0.08603307756,
                    "children": [{
                        "id": "Altruism",
                        "name": "Altruism",
                        "category": "personality",
                        "percentage": 0.742941040188988,
                        "sampling_error": 0.0616541538
                    }, {
                        "id": "Cooperation",
                        "name": "Cooperation",
                        "category": "personality",
                        "percentage": 0.7086448179619843,
                        "sampling_error": 0.07161640547999999
                    }, {
                        "id": "Modesty",
                        "name": "Modesty",
                        "category": "personality",
                        "percentage": 0.05336868951120815,
                        "sampling_error": 0.0473669698
                    }, {
                        "id": "Morality",
                        "name": "Uncompromising",
                        "category": "personality",
                        "percentage": 0.2508483683786541,
                        "sampling_error": 0.05504608852
                    }, {
                        "id": "Sympathy",
                        "name": "Sympathy",
                        "category": "personality",
                        "percentage": 0.9841075682731258,
                        "sampling_error": 0.0855590924
                    }, {
                        "id": "Trust",
                        "name": "Trust",
                        "category": "personality",
                        "percentage": 0.4588960841599371,
                        "sampling_error": 0.0480864144
                    }]
                }, {
                    "id": "Neuroticism",
                    "name": "Emotional range",
                    "category": "personality",
                    "percentage": 0.260183368079472,
                    "sampling_error": 0.07824525624,
                    "children": [{
                        "id": "Anger",
                        "name": "Fiery",
                        "category": "personality",
                        "percentage": 0.314924387709412,
                        "sampling_error": 0.082253364
                    }, {
                        "id": "Anxiety",
                        "name": "Prone to worry",
                        "category": "personality",
                        "percentage": 0.17486596466123674,
                        "sampling_error": 0.047139490080000006
                    }, {
                        "id": "Depression",
                        "name": "Melancholy",
                        "category": "personality",
                        "percentage": 0.13255035357859918,
                        "sampling_error": 0.04916042476
                    }, {
                        "id": "Immoderation",
                        "name": "Immoderation",
                        "category": "personality",
                        "percentage": 0.020540652294639406,
                        "sampling_error": 0.04643391396
                    }, {
                        "id": "Self-consciousness",
                        "name": "Self-consciousness",
                        "category": "personality",
                        "percentage": 0.058564862047160354,
                        "sampling_error": 0.04829766116
                    }, {
                        "id": "Vulnerability",
                        "name": "Susceptible to stress",
                        "category": "personality",
                        "percentage": 0.10899218059412825,
                        "sampling_error": 0.07380010616
                    }]
                }]
            }]
        }, {
            "id": "needs",
            "name": "Needs",
            "children": [{
                "id": "Challenge_parent",
                "name": "Challenge",
                "category": "needs",
                "percentage": 0.8573624766312107,
                "children": [{
                    "id": "Challenge",
                    "name": "Challenge",
                    "category": "needs",
                    "percentage": 0.8573624766312107,
                    "sampling_error": 0.07247685872
                }, {
                    "id": "Closeness",
                    "name": "Closeness",
                    "category": "needs",
                    "percentage": 0.32018595829834384,
                    "sampling_error": 0.07183077516
                }, {
                    "id": "Curiosity",
                    "name": "Curiosity",
                    "category": "needs",
                    "percentage": 0.2475242466727577,
                    "sampling_error": 0.10147671899999999
                }, {
                    "id": "Excitement",
                    "name": "Excitement",
                    "category": "needs",
                    "percentage": 0.21159141591103006,
                    "sampling_error": 0.0914143236
                }, {
                    "id": "Harmony",
                    "name": "Harmony",
                    "category": "needs",
                    "percentage": 0.37183355958762543,
                    "sampling_error": 0.09109930044
                }, {
                    "id": "Ideal",
                    "name": "Ideal",
                    "category": "needs",
                    "percentage": 0.2909117510169979,
                    "sampling_error": 0.08270395336
                }, {
                    "id": "Liberty",
                    "name": "Liberty",
                    "category": "needs",
                    "percentage": 0.22431800034511445,
                    "sampling_error": 0.12361126224
                }, {
                    "id": "Love",
                    "name": "Love",
                    "category": "needs",
                    "percentage": 0.4438529017709707,
                    "sampling_error": 0.08342828824
                }, {
                    "id": "Practicality",
                    "name": "Practicality",
                    "category": "needs",
                    "percentage": 0.3116085205169126,
                    "sampling_error": 0.07383529028
                }, {
                    "id": "Self-expression",
                    "name": "Self-expression",
                    "category": "needs",
                    "percentage": 0.234279051793559,
                    "sampling_error": 0.07087937516000001
                }, {
                    "id": "Stability",
                    "name": "Stability",
                    "category": "needs",
                    "percentage": 0.4678983932149074,
                    "sampling_error": 0.09041347032
                }, {
                    "id": "Structure",
                    "name": "Structure",
                    "category": "needs",
                    "percentage": 0.49483091059125417,
                    "sampling_error": 0.06854961512
                }]
            }]
        }, {
            "id": "values",
            "name": "Values",
            "children": [{
                "id": "Self-transcendence_parent",
                "name": "Self-transcendence",
                "category": "values",
                "percentage": 1,
                "children": [{
                    "id": "Conservation",
                    "name": "Conservation",
                    "category": "values",
                    "percentage": 0.009867081070733346,
                    "sampling_error": 0.0627080972
                }, {
                    "id": "Openness to change",
                    "name": "Openness to change",
                    "category": "values",
                    "percentage": 0.972027552445952,
                    "sampling_error": 0.056708103520000004
                }, {
                    "id": "Hedonism",
                    "name": "Hedonism",
                    "category": "values",
                    "percentage": 0.0928782402516946,
                    "sampling_error": 0.11362771944
                }, {
                    "id": "Self-enhancement",
                    "name": "Self-enhancement",
                    "category": "values",
                    "percentage": 0.21588873696351785,
                    "sampling_error": 0.08690135832
                }, {
                    "id": "Self-transcendence",
                    "name": "Self-transcendence",
                    "category": "values",
                    "percentage": 1,
                    "sampling_error": 0.0655177128
                }]
            }]
        }]
    }
}
